Roll Number, First Name, Last Name
1,John,Smith
2,Alice,Johnson
3,Michael,Brown
4,Emily,Williams
5,David,Jones
6,Sarah,Miller
7,Chris,Davis
8,Jessica,Garcia
9,Daniel,Martinez
10,Amanda,Anderson
11,James,Taylor
12,Megan,Thomas
13,Brian,Moore
14,Karen,Jackson
15,Kevin,Martin
16,Laura,Lee
17,Jason,Perez
18,Lisa,Thompson
19,Eric,White
20,Jennifer,Harris
21,Mark,Lopez
22,Rachel,Clark
23,Steven,Allen
24,Olivia,King
25,Andrew,Scott
26,Rebecca,Green
27,Patrick,Adams
28,Laura,Baker
29,Shawn,Nelson
30,Kimberly,Young
31,Kyle,Hill
32,Tiffany,Roberts
33,George,Rogers
34,Amber,Stewart
35,Scott,Foster
36,Samantha,Evans
37,Adam,Morgan
38,Nicole,Parker
39,Ryan,Gonzalez
40,Victoria,Bryant
41,Jacob,Brooks
42,Mary,Gray
43,Tyler,Long
44,Lauren,Reed
45,Brandon,Flores
46,Elizabeth,Fisher
47,Zachary,Butler
48,Katherine,Sanders
49,Justin,Price
50,Hannah,Rivera
51,Aaron,Cook
52,Vanessa,Wood
53,Jonathan,Ross
54,Shannon,Diaz
55,Nathan,Carter
56,Madison,Richardson
57,Ethan,Griffin
58,Melissa,James
59,Austin,Ward
60,Stephanie,Watson
61,Joshua,Barnes
62,Ashley,Alexander
63,Logan,Bennett
64,Brittany,Coleman
65,Samuel,Hughes
66,Sophie,Howard
67,Bradley,Myers
68,Kaitlyn,Ortiz
69,Isaac,Kim
70,Hailey,Patterson
71,Jack,Cruz
72,Mackenzie,Kelly
73,Alex,Ramos
74,Savannah,Bailey
75,Connor,Cooper
76,Maria,Richard
77,Luke,Ross
78,Kaitlin,Chavez
79,Benjamin,Griffin
80,Abigail,Reyes
81,Joseph,Watson
82,Gabriella,Kim
83,Travis,Flores
84,Danielle,Henderson
85,Colton,Gibson
86,Bianca,James
87,Shane,Mendoza
88,Erica,Oliver
89,Sean,Howard
90,Taylor,Bryant
91,Derek,King
92,Kylie,Morris
93,Dylan,Peterson
94,Aubrey,Evans
95,Chase,Reed
96,Alexa,Young
97,Brent,Butler
98,Kayla,Bell
99,Eli,Hughes
100,Natalie,Watson
